major_id,专业名,学院,教育层次,是否含子轨道,子轨道数,top_industry_name,top_industry_score,top_industries_str,industry_names,industries_json
M_000,嵌入式技术,中德机器人学院,职业本科,False,0,信息技术,95,信息技术(95) | 机械设备(80) | 汽车(60),信息技术|机械设备|汽车,"[{""name"": ""信息技术"", ""score"": 95, ""reason"": ""培养目标明确指向嵌入式AI、嵌入式软件、嵌入式系统测试等职业，核心课程覆盖嵌入式实时操作系统、嵌入式Linux、工业机器视觉等信息技术核心领域，毕业生主要从事嵌入式系统软硬件开发，与信息技术行业深度契合。""}, {""name"": ""机械设备"", ""score"": 80, ""reason"": ""方向二'智慧工厂现场工程师'直接面向智能制造，培养产线数字化孪生、工业协作机器人部署与维护能力；方向三涉及AGV/AMR、具身智能等高端装备制造核心环节，与机械设备行业紧密关联。""}, {""name"": ""汽车"", ""score"": 60, ""reason"": ""嵌入式硬件开发方向涵盖从电路到PCB、从固件到应用软件的全栈设计能力，是汽车电子控制系统的核心技术基础；课程涉及边缘计算AI应用也可服务于智能网联汽车。""}]"
M_001,现代通信工程,信息与通信学院,职业本科,False,0,信息技术,95,信息技术(95) | 交通运输(55) | 机械设备(40),信息技术|交通运输|机械设备,"[{""name"": ""信息技术"", ""score"": 95, ""reason"": ""培养目标聚焦移动网络部署与优化、移动网络智能场景应用、智能终端软硬件开发等，核心课程涵盖5G、云计算、物联网、大数据、人工智能等信息技术前沿技术，毕业生主要从事通信工程技术和移动终端开发工作，为信息技术核心领域。""}, {""name"": ""交通运输"", ""score"": 55, ""reason"": ""课程涉及'移动网络赋能行业数字化'能力，提及智慧交通等智能场景应用；5G网络技术可应用于车联网、智能交通系统等领域，具一定相关性。""}, {""name"": ""机械设备"", ""score"": 40, ""reason"": ""智能终端软硬件开发能力可延伸至带通信功能的智能工业终端设备；移动网络智能场景应用包含工业物联网方向，但直接关联度不高。""}]"
M_002,集成电路工程技术,微电子学院,职业本科,False,0,信息技术,98,信息技术(98) | 机械设备(45) | 电力设备(35),信息技术|机械设备|电力设备,"[{""name"": ""信息技术"", ""score"": 98, ""reason"": ""培养目标直接指向集成电路设计、制造、封装与测试、智能芯片应用行业，核心课程涵盖IC前端电路设计、芯片后端设计、半导体设备装调、芯片测试等，毕业生从事IC设计工程师、版图设计工程师等职业，信息技术行业是芯片设计制造的最主要应用领域。""}, {""name"": ""机械设备"", ""score"": 45, ""reason"": ""半导体设备装调、封装工艺涉及精密设备操作与维护；芯片测试涉及ATE设备及分选机操作，与高端装备制造有一定关联，但非核心方向。""}, {""name"": ""电力设备"", ""score"": 35, ""reason"": ""专业带头人具备功率半导体研究背景，芯片技术可用于电力电子功率器件，但整体专业设置以通用集成电路为主，指向电力设备的特异性较低。""}]"
M_003,智能制造工程技术,智能制造与装备学院,职业本科,False,0,机械设备,92,机械设备(92) | 电力设备(45) | 航空航天与国防(32),机械设备|电力设备|航空航天与国防,"[{""name"": ""机械设备"", ""score"": 92, ""reason"": ""培养目标明确面向智能制造行业的机械设计工程师、精密制造工程师、智能装备装调工程师；核心课程涵盖机械设计、数控加工、工业机器人、精密检测；就业岗位为数字化设计、机电系统控制、智能制造装备装调与运维""}, {""name"": ""电力设备"", ""score"": 45, ""reason"": ""机电系统控制涉及电力驱动与PLC控制，但非主要培养方向；与智能制造装备相关的电气控制部分涉及电力设备行业""}, {""name"": ""航空航天与国防"", ""score"": 32, ""reason"": ""精密制造工程师培养方向涉及精密加工技术，但该行业在深圳市专精特新'小巨人'企业占比有限""}]"
M_004,软件工程技术,计算机与软件学院,职业本科,False,0,信息技术,96,信息技术(96) | 机械设备(48) | 商业服务(35),信息技术|机械设备|商业服务,"[{""name"": ""信息技术"", ""score"": 96, ""reason"": ""培养目标明确面向软件和信息技术服务业、互联网和相关服务；核心课程涵盖Java/Python开发、云计算、人工智能、工业软件；合作企业为腾讯、亚马逊、小米等头部信息技术企业""}, {""name"": ""机械设备"", ""score"": 48, ""reason"": ""课程包含EAP、MES等工业软件应用开发，工业软件与制造业数字化转型相关""}, {""name"": ""商业服务"", ""score"": 35, ""reason"": ""软件运维、技术支持等岗位部分涉及商业服务，但非主要服务方向""}]"
M_005,信息安全技术应用,计算机与软件学院,高职专科,False,0,信息技术,94,信息技术(94) | 商业服务(38) | 机械设备(22),信息技术|商业服务|机械设备,"[{""name"": ""信息技术"", ""score"": 94, ""reason"": ""培养目标明确面向信息传输、软件和信息技术服务业；职业能力涵盖网络安全运维、渗透测试、应急响应；合作企业为天融信、神州数码等信息安全头部企业""}, {""name"": ""商业服务"", ""score"": 38, ""reason"": ""信息安全工程实施与企业管理、信息安全管理涉及商业服务领域""}, {""name"": ""机械设备"", ""score"": 22, ""reason"": ""网络设备安全配置涉及少量工业自动化控制，但关联度较低""}]"
M_006,区块链技术应用,计算机与软件学院,高职专科,False,0,信息技术,90,信息技术(90) | 商业服务(55) | 交通运输(40),信息技术|商业服务|交通运输,"[{""name"": ""信息技术"", ""score"": 90, ""reason"": ""培养目标明确指向'软件和信息技术服务行业'，从事区块链应用开发、智能合约开发、区块链运维等岗位；核心课程覆盖前端开发、智能合约、联盟链、数据库等信息技术全栈技能；就业出口为区块链工程技术人员和区块链应用操作员，完全归属软件和信息技术服务业。""}, {""name"": ""商业服务"", ""score"": 55, ""reason"": ""区块链技术具备在商业服务领域（如合同存证、司法公证、审计追踪等）应用的天然优势，专业课程涉及密码学、分布式数据库等支撑商业信任机制的技术基础，学生可服务企业级区块链解决方案提供商。""}, {""name"": ""交通运输"", ""score"": 40, ""reason"": ""区块链在物流追踪、供应链溯源等交通运输相关场景有应用潜力，分布式账本技术可用于货物溯源与供应链管理，属于延伸应用场景而非核心对口方向。""}]"
M_007,移动互联应用技术,计算机与软件学院,高职专科,True,2,信息技术,88,信息技术(88) | 机械设备(55) | 商贸零售(40),信息技术|机械设备|商贸零售,"[{""name"": ""信息技术"", ""score"": 88, ""reason"": ""培养目标明确面向'软件和信息技术服务行业'，核心课程涵盖Android开发、鸿蒙系统开发、Web前后端开发、跨平台开发等移动与Web软件开发技能；就业岗位为移动APP开发工程师、Web前端开发工程师，归属软件和信息技术服务业。""}, {""name"": ""机械设备"", ""score"": 55, ""reason"": ""专业方向标注为'工业互联应用开发'，核心能力要求包括Android工业互联应用设计、开源鸿蒙工业互联应用设计、工业互联应用部署与调试等，将移动开发技术嵌入工业设备监控与制造执行系统，涉及制造业数字化转型场景。""}, {""name"": ""商贸零售"", ""score"": 40, ""reason"": ""移动应用开发（微信小程序、跨平台APP）能力可服务于电商平台、零售O2O等商贸零售场景，属于就业面的自然延伸。""}]"
M_008,计算机应用技术,计算机与软件学院,高职专科,True,1,信息技术,92,信息技术(92) | 公用事业(45) | 商业服务(35),信息技术|公用事业|商业服务,"[{""name"": ""信息技术"", ""score"": 92, ""reason"": ""培养目标明确指向'软件和信息技术服务行业'，核心能力为服务器硬件选型维护、网络及终端操作系统运维、数据库运维、虚拟化与容器技术、云计算系统架构等IT基础设施技术；就业岗位为系统运维工程师和Web运维工程师，完全属于信息技术服务范畴。""}, {""name"": ""公用事业"", ""score"": 45, ""reason"": ""课程涉及云计算系统架构、虚拟化技术、容器技术等，这些技术为公用事业领域（如政务云平台、智慧城市基础设施）提供基础支撑，但学生主要就业于IT企业而非公用事业单位本身。""}, {""name"": ""商业服务"", ""score"": 35, ""reason"": ""系统运维能力可为各类企业提供IT基础设施服务，属于商业服务的支撑性技能，但非专业培养的核心方向。""}]"
M_009,计算机网络技术,计算机与软件学院,高职专科,False,0,信息技术,95,信息技术(95),信息技术,"[{""name"": ""信息技术"", ""score"": 95, ""reason"": ""培养目标明确指向'新一代信息技术行业'的计算机网络工程师、信息系统运行维护工程师，从事终端运维、网络集成、智算中心运行管理；核心课程涵盖网络设备、云计算、网络系统集成；合作企业华为、腾讯均为信息技术龙头企业；职业技能直接对应网络运维、信息系统服务等信息技术领域岗位。""}]"
M_010,软件技术,计算机与软件学院,高职专科,True,4,信息技术,98,信息技术(98),信息技术,"[{""name"": ""信息技术"", ""score"": 98, ""reason"": ""培养目标明确面向'软件和信息技术服务领域'，涵盖云软件开发、Web应用开发、Java开发、AI应用开发、软件测试等核心技术方向；课程体系包含前后端分离开发、云原生技术、AI辅助开发等；与国家信息中心、Google Android、华为、腾讯、软通动力等信息技术企业深度合作；国家级职业教育教师教学创新团队首批入选。""}]"
M_011,智能互联网络技术,信息与通信学院,高职专科,True,1,信息技术,90,信息技术(90) | 通信设备(85),信息技术|通信设备,"[{""name"": ""信息技术"", ""score"": 90, ""reason"": ""培养目标面向'信息与通信行业'，涵盖智能硬件工程师、智能网络工程师、移动应用与云应用工程师等职业方向；核心技术涉及5G通信、物联网、大数据、人工智能等新一代信息技术；课程涵盖智能终端应用开发、云计算平台开发；与华为共建ICT学院、鲲鹏产业学院，与三大运营商（中联通、中移动、中电信）及中兴通讯建立校外实训基地。""}, {""name"": ""通信设备"", ""score"": 85, ""reason"": ""专业名称'智能互联网络技术'体现通信网络技术属性；培养目标明确指向信息与通信行业；核心技术包括5G通信、智能网络设备开发与运维；合作企业包括华为、中兴通讯等通信设备龙头企业，以及联通、移动、电信等通信运营商；实训平台围绕通信岗位移动、数据、交换和传输四大关键系统建设。""}]"
M_012,汽车智能技术,信息与通信学院,高职专科,True,1,汽车,95,汽车(95) | 信息技术(75) | 机械设备(50),汽车|信息技术|机械设备,"[{""name"": ""汽车"", ""score"": 95, ""reason"": ""培养目标明确指向智能网联汽车及新能源汽车行业，核心课程涵盖智能传感器、计算平台、线控底盘、智能座舱、车路协同等汽车智能技术全产业链，实习实训涉及智能驾驶、车路协同等汽车领域。""}, {""name"": ""信息技术"", ""score"": 75, ""reason"": ""涉及车联网运行维护、智能产品开发、数据分析等技术技能，涵盖V2X通信、嵌入式系统等信息技术领域，属于汽车与信息技术深度融合的交叉领域。""}, {""name"": ""机械设备"", ""score"": 50, ""reason"": ""涉及线控底盘系统、传感器装调、机电一体化等内容，与汽车电子机械设备相关，但非主体培养方向。""}]"
M_013,物联网应用技术,信息与通信学院,高职专科,True,1,信息技术,95,信息技术(95) | 通信设备(60) | 商业服务(45),信息技术|通信设备|商业服务,"[{""name"": ""信息技术"", ""score"": 95, ""reason"": ""培养目标直接面向物联网工程和信息系统集成，核心课程涵盖传感器、嵌入式开发、无线网络、物联网平台开发等信息技术核心内容，与华为、新大陆等头部信息技术企业深度合作。""}, {""name"": ""通信设备"", ""score"": 60, ""reason"": ""涉及无线网络通信技术、感知节点等物联网通信基础设施，属于信息技术与通信设备的交叉领域，但以软件开发和系统集成为主。""}, {""name"": ""商业服务"", ""score"": 45, ""reason"": ""涉及物联网运维管理、技术支持等生产性服务业，但非主要培养方向。""}]"
M_014,现代移动通信技术,信息与通信学院,高职专科,True,2,通信设备,95,通信设备(95) | 信息技术(70) | 机械设备(35),通信设备|信息技术|机械设备,"[{""name"": ""通信设备"", ""score"": 95, ""reason"": ""培养目标直接面向移动通信和5G行业，核心课程涵盖5G通信技术、网络规划与优化、基站安装维护等，与华为、中兴、联通、移动、电信等主流通信运营商和设备商深度合作。""}, {""name"": ""信息技术"", ""score"": 70, ""reason"": ""涉及大数据、云计算、物联网、人工智能等新兴技术应用，涵盖移动应用开发、通信数据分析等信息技术技能。""}, {""name"": ""机械设备"", ""score"": 35, ""reason"": ""涉及通信硬件设备安装调试、电子电路测试等，但主要服务于通信设备领域，非独立行业方向。""}]"
M_015,智能产品开发与应用,微电子学院,高职专科,False,0,信息技术,88,信息技术(88) | 机械设备(52) | 电力设备(35),信息技术|机械设备|电力设备,"[{""name"": ""信息技术"", ""score"": 88, ""reason"": ""培养目标明确指向'新一代信息技术行业'的软硬件工程岗位；核心课程涵盖电子电路、C语言、单片机、Altium PCB设计、EDA软件等软硬件开发技能；参与企业包括小米移动软件、富士康，均为电子信息制造业骨干；毕业生从事智能产品设计开发、装调、运维，覆盖物联网与嵌入式终端全产业链。""}, {""name"": ""机械设备"", ""score"": 52, ""reason"": ""智能产品开发涉及产品装调工艺和硬件测试仪器操作能力，与智能装备制造存在交叉；但该专业侧重终端产品设计而非装备本身，关联度次之。""}, {""name"": ""电力设备"", ""score"": 35, ""reason"": ""电子电路设计与智能产品开发涉及基础电力电子技术，但专业未明确指向电力装备制造或电力系统运维，覆盖面较窄。""}]"
M_016,智能光电技术应用,微电子学院,高职专科,False,0,信息技术,85,信息技术(85) | 机械设备(58) | 电力设备(45),信息技术|机械设备|电力设备,"[{""name"": ""信息技术"", ""score"": 85, ""reason"": ""培养目标明确面向'计算机、通信和其他电子设备制造行业'；核心课程覆盖LED显示屏控制系统设计、嵌入式开发（STM32/ESP32）、物联网通信技术（蓝牙/WiFi/Zigbee）、光学仿真软件（Zemax/TracePro）；合作企业聚飞光电为LED封装上市企业；就业岗位包括LED显示屏系统设计调试、照明控制系统开发。""}, {""name"": ""机械设备"", ""score"": 58, ""reason"": ""光学元件精密加工、镀膜与封装设备的操作维护、光电器件生产线管理涉及专用机械设备；学校建有光电器件封装与测试人才培养示范基地，配备镀膜设备、封装生产线。""}, {""name"": ""电力设备"", ""score"": 45, ""reason"": ""LED照明设计与智能调光系统涉及电力驱动与照明控制，属于电力设备与照明电器的交叉领域；但该专业核心仍是光电显示与光学元件制造。""}]"
M_017,集成电路技术,微电子学院,高职专科,True,1,信息技术,92,信息技术(92) | 机械设备(42) | 电力设备(28),信息技术|机械设备|电力设备,"[{""name"": ""信息技术"", ""score"": 92, ""reason"": ""培养目标直接指向集成电路设计、芯片设计、封装与测试、智能芯片应用；课程体系覆盖IC前端设计（硬件描述语言）、后端设计（版图设计CAD）、FPGA开发、集成电路封装与测试；与Xilinx、Altera共建联合实训室；深圳专精特新'小巨人'中半导体/集成电路设计企业密集。""}, {""name"": ""机械设备"", ""score"": 42, ""reason"": ""芯片封装测试涉及ATE测试机台、微光显微镜等精密设备操作；封装设计与工艺选择需理解设备能力；与信息技术相比，机械设备属性较弱。""}, {""name"": ""电力设备"", ""score"": 28, ""reason"": ""芯片测试中涉及部分功率器件测试，但整体聚焦集成电路设计-制造-封测全链条，非电力设备制造直接对口。""}]"
M_018,云计算技术应用,人工智能学院,高职专科,True,1,信息技术,95,信息技术(95) | 商业服务(55) | 公用事业(40),信息技术|商业服务|公用事业,"[{""name"": ""信息技术"", ""score"": 95, ""reason"": ""培养目标明确指向云计算、云服务、互联网等信息技术核心领域；职业岗位包括云计算工程师、云计算运维工程师、云技术支持工程师，均属于信息技术行业的关键技术岗位；核心技术技能涵盖虚拟化技术、云原生技术、云安全、云平台部署运维，完整覆盖云计算产业链；课程体系围绕云平台服务配置与运维展开，与深圳专精特新企业中的软件和信息技术服务业高度契合。""}, {""name"": ""商业服务"", ""score"": 55, ""reason"": ""云计算作为数字化基础设施服务可支撑商业服务企业的数字化转型，但非直接服务行业；培养目标中提及的云服务运营、云资源管理等可间接服务各类商业企业。""}, {""name"": ""公用事业"", ""score"": 40, ""reason"": ""云平台运维技能可应用于智慧城市、水务、燃气等公用事业领域的数字化建设，但属于边缘应用场景，置信度较低。""}]"
M_019,人工智能技术应用,人工智能学院,高职专科,True,1,信息技术,92,信息技术(92) | 医药生物(78) | 机械设备(62),信息技术|医药生物|机械设备,"[{""name"": ""信息技术"", ""score"": 92, ""reason"": ""培养目标直接面向AI应用开发、智能系统运维等信息技术核心岗位；核心技术涵盖机器学习、深度学习、自然语言处理、大模型应用开发等人工智能前沿技术；合作企业包括百度、火山引擎、商汤科技等头部AI企业；课程体系覆盖算法开发、工程部署、产品交付全链条，与深圳AI及软件信息服务企业高度匹配。""}, {""name"": ""医药生物"", ""score"": 78, ""reason"": ""培养目标明确提及医疗健康行业及医疗影像智能诊断方向；核心能力包括医疗影像智能诊断、多模态大模型在医疗领域的应用；行业知识要求中涵盖大模型在各行业的应用场景包括医疗；可服务深圳医疗器械、生物医药等专精特新企业。""}, {""name"": ""机械设备"", ""score"": 62, ""reason"": ""培养目标提及工业视觉检测方向；AI应用开发能力可支撑智能制造领域的机器视觉、缺陷检测等应用；深圳专精特新企业中包含高端装备制造企业，需要AI视觉检测技术人才。""}]"
M_020,大数据技术,人工智能学院,高职专科,True,1,信息技术,96,信息技术(96) | 商业服务(58) | 金融(45),信息技术|商业服务|金融,"[{""name"": ""信息技术"", ""score"": 96, ""reason"": ""培养目标明确指向大数据行业，数据分析师、大数据应用开发工程师、大数据平台运维工程师均属于信息技术核心岗位；核心技术涵盖Hadoop生态圈、数据采集清洗分析可视化、大数据平台架构设计；课程覆盖大数据全产业链技术；与深圳软件和信息技术服务业、互联网数据服务企业高度契合。""}, {""name"": ""商业服务"", ""score"": 58, ""reason"": ""行业知识要求涵盖金融、医疗、制造、政务等领域的场景需求；数据分析能力可广泛应用于各类商业服务企业的经营分析、用户画像、精准营销等场景。""}, {""name"": ""金融"", ""score"": 45, ""reason"": ""大数据技术在金融行业应用广泛（风控、量化、用户分析等），深圳金融科技专精特新企业有一定分布，但培养方案中未明确提及金融行业。""}]"
M_021,广播影视节目制作,数字媒体学院,高职专科,False,0,文化传媒,92,文化传媒(92) | 信息技术(58) | 商业服务(42),文化传媒|信息技术|商业服务,"[{""name"": ""文化传媒"", ""score"": 92, ""reason"": ""培养目标明确指向广播、电视、电影、网络视听、新媒体行业，核心岗位涵盖策划、剪辑、摄像、运营等影视全产业链，与文化传媒行业企查查口径完全吻合。课程设置涵盖影视摄像、商业剪辑、后期特效、短视频制作、新媒体运营等，精准对应影视内容生产与传播运营环节。""}, {""name"": ""信息技术"", ""score"": 58, ""reason"": ""新媒体内容生产与传播运营涉及数字化技术，但核心技术聚焦于影视制作而非信息技术开发，虽有短视频制作等数字内容课程，但主体属于传媒领域而非IT行业。""}, {""name"": ""商业服务"", ""score"": 42, ""reason"": ""影视内容制作属于文化创意服务范畴，部分岗位如策划、运营可归入商务服务业，但主体产业归属文化传媒更为准确。""}]"
M_022,数字媒体技术,数字媒体学院,高职专科,True,1,信息技术,88,信息技术(88) | 文化传媒(78) | 商贸零售(35),信息技术|文化传媒|商贸零售,"[{""name"": ""信息技术"", ""score"": 88, ""reason"": ""培养目标面向互联网和数字展示行业，核心岗位包括前端开发工程师、虚幻工程师、互动技术工程师，课程涵盖Web前端开发、虚幻引擎开发、多终端交互界面设计等IT技术栈，专任教师具有IT行业背景并参与软件开发，与信息技术行业高度匹配。""}, {""name"": ""文化传媒"", ""score"": 78, ""reason"": ""同时面向数字媒体内容制作、新媒体制作与运营、动态设计等文化创意领域，课程包含美学设计、音视频编辑、视觉传达等，与数字内容生产行业相关，但技术导向更强于传媒属性。""}, {""name"": ""商贸零售"", ""score"": 35, ""reason"": ""数字媒体产品策划与运营能力可应用于电商平台界面设计和数字营销，但非主要就业方向，与商贸零售行业关联度有限。""}]"
M_023,数字媒体艺术设计,数字媒体学院,高职专科,True,2,轻工制造,85,轻工制造(85) | 机械设备(58) | 商业服务(45),轻工制造|机械设备|商业服务,"[{""name"": ""轻工制造"", ""score"": 85, ""reason"": ""职业面向明确标注'设计服务业、制造行业'，核心能力涵盖产品造型设计、产品结构设计、CMF设计（色彩、材料、工艺），参考书目均为电子产品设计、工业产品设计类教材，对应产品艺术设计师岗位，与轻工制造行业（消费电子产品、日用品制造业）高度契合。""}, {""name"": ""机械设备"", ""score"": 58, ""reason"": ""产品结构设计能力可应用于机械产品开发，但本专业侧重消费类产品外观与用户体验设计，而非大型机械设备设计，与机械设备行业匹配度中等偏下。""}, {""name"": ""商业服务"", ""score"": 45, ""reason"": ""设计服务业是明确的职业出口之一，但毕业生的核心竞争力在于产品设计技能而非纯服务业技能，主体就业应面向制造业的设计部门或设计公司。""}]"
M_024,环境艺术设计,数字媒体学院,高职专科,False,0,建筑业,95,建筑业(95) | 文化传媒(70) | 建材及非金属(55),建筑业|文化传媒|建材及非金属,"[{""name"": ""建筑业"", ""score"": 95, ""reason"": ""培养目标明确指向建筑装饰行业，岗位涵盖室内设计师、景观设计师、施工图设计师；核心课程包含室内景观设计、制图识图、装饰材料与构造、BIM技术；参与企业均为深圳市建筑装饰设计公司（如郑中设计、矩阵纵横等）。""}, {""name"": ""文化传媒"", ""score"": 70, ""reason"": ""培养目标提及文化创意行业，涵盖虚拟展示设计与创意设计方向；课程包含虚拟场景设计与制作、效果图设计等数字创意内容；但文化传媒非主要服务方向。""}, {""name"": ""建材及非金属"", ""score"": 55, ""reason"": ""核心课程包含装饰材料与构造教学内容，涉及装饰材料认知与应用；但该内容为辅助性课程，服务于室内设计主业，非主要行业方向。""}]"
M_025,虚拟现实技术应用,数字媒体学院,高职专科,False,0,信息技术,92,信息技术(92) | 文化传媒(75) | 商业服务(50),信息技术|文化传媒|商业服务,"[{""name"": ""信息技术"", ""score"": 92, ""reason"": ""培养目标明确指向信息技术服务行业，涵盖虚拟现实与增强现实技术开发、交互功能设计与开发、三维模型与动画制作、软硬件平台搭建调试；核心技能涵盖UI设计、交互设计、用户体验设计、数字图像处理等信息技术核心能力。""}, {""name"": ""文化传媒"", ""score"": 75, ""reason"": ""培养目标提及数字内容、教育培训、动漫游戏等行业方向；课程包含数字内容制作、三维动画特效、虚拟场景创意设计；虚拟现实技术广泛应用于数字内容创作与传播。""}, {""name"": ""商业服务"", ""score"": 50, ""reason"": ""培养目标涵盖技术开发与应用服务，虚拟现实作为专业技术服务工具可服务于各类商业应用场景；但商业服务属性相对间接。""}]"
M_026,工业设计,智能制造与装备学院,高职专科,False,0,机械设备,88,机械设备(88) | 信息技术(72) | 商贸零售(48),机械设备|信息技术|商贸零售,"[{""name"": ""机械设备"", ""score"": 88, ""reason"": ""培养目标面向工业与专业设计及其他专业技术服务行业；附录明确对应专用设备制造业、电气机械和器材制造业；核心课程包含产品外观造型设计、结构设计、人机工程应用、材料与工艺；职业技能涵盖SolidWorks三维建模、增材制造等制造业技能。""}, {""name"": ""信息技术"", ""score"": 72, ""reason"": ""培养目标包含产品用户界面设计岗位；课程涵盖二维三维数字化设计与表达、UI设计、数字化方法；涉及数字化和智能化发展需求的数字技能培养。""}, {""name"": ""商贸零售"", ""score"": 48, ""reason"": ""工业设计服务于产品开发与市场推广，涉及产品宣传推广、市场调研等商业环节；但商贸零售非直接服务主体，仅作为产品设计成果的应用领域。""}]"
M_027,工业软件开发技术,智能制造与装备学院,高职专科,True,1,信息技术,92,信息技术(92) | 机械设备(68) | 电力设备(38),信息技术|机械设备|电力设备,"[{""name"": ""信息技术"", ""score"": 92, ""reason"": ""培养目标明确指向'软件和信息技术服务业'，核心课程覆盖工业软件设计开发、MES系统、机器视觉、嵌入式系统、CAX二次开发等软件技术链，实训基地为'工业自动化教学工厂'，主要服务3C和工业装备制造类企业信息化岗位""}, {""name"": ""机械设备"", ""score"": 68, ""reason"": ""核心课程涉及PLC、工业机器人应用、机械制图与CAD、运动控制技术、工业人机界面等工业自动化和机械控制类课程，实训针对工业装备制造类企业，但软件技术仍是主导能力""}, {""name"": ""电力设备"", ""score"": 38, ""reason"": ""涉及电机控制技术、边缘计算等与电力设备相关的技术底层，但课程体系并非以电力设备制造为核心，属于辅助知识模块""}]"
M_028,智能光电制造技术,智能制造与装备学院,高职专科,False,0,信息技术,90,信息技术(90) | 机械设备(55) | 航空航天与国防(30),信息技术|机械设备|航空航天与国防,"[{""name"": ""信息技术"", ""score"": 90, ""reason"": ""培养目标直接定位'激光器及激光设备制造行业'，核心课程覆盖激光器调试检测、激光加工设备装调、激光加工工艺，Qichacha口径下激光设备制造属信息技术行业；校外合作企业大族激光、海目星均为光电信息类制造企业""}, {""name"": ""机械设备"", ""score"": 55, ""reason"": ""课程包含机械制图、计算机辅助制造、五轴激光加工等机械制造工艺，实训平台含数控激光加工协同创新中心，但激光设备的研发设计与光电集成是其核心，机械制造为支撑""}, {""name"": ""航空航天与国防"", ""score"": 30, ""reason"": ""飞秒激光超精密加工系统、精密制造技术等课程涉及航空航天制造工艺，但培养规格中未见明确的航空航天对口岗位，属于潜在交叉应用领域""}]"
M_029,智能控制技术,智能制造与装备学院,高职专科,True,1,机械设备,88,机械设备(88) | 信息技术(65) | 电力设备(42),机械设备|信息技术|电力设备,"[{""name"": ""机械设备"", ""score"": 88, ""reason"": ""培养目标明确面向'通用设备制造业、专用设备制造业'，核心课程覆盖PLC、工业机器人、变频器、伺服驱动、自动生产线等典型机械设备自动化控制技术，实训基地为'工业自动化教学工厂'，就业岗位为智能制造控制系统装调运维""}, {""name"": ""信息技术"", ""score"": 65, ""reason"": ""课程涉及工业互联网、数字孪生、数据采集与可视化、机器视觉等数字化技术，Qichacha口径下部分工业互联网平台归入信息技术，但本专业以硬件控制为核心，软件为辅助手段""}, {""name"": ""电力设备"", ""score"": 42, ""reason"": ""涉及电机控制技术、工业网络通信协议等内容与电力设备自动化控制相关，但专业定位不在电力设备制造，而在工业自动化控制系统""}]"
M_030,机械设计与制造,智能制造与装备学院,高职专科,False,0,机械设备,95,机械设备(95) | 电力设备(65) | 汽车(55),机械设备|电力设备|汽车,"[{""name"": ""机械设备"", ""score"": 95, ""reason"": ""培养目标明确指向智能制造行业，核心岗位包括机械设计工程师、精密制造工程师、机床装调维修工程师；核心课程涵盖数控加工、工业机器人、精密检测、三坐标测量等机械设备制造全链条；实训基地配备智能制造产线、数控加工中心等千余套设备；合作企业为制造业龙头企业。高度契合机械设备行业的机械装备设计与制造、数控技术应用等产业链环节。""}, {""name"": ""电力设备"", ""score"": 65, ""reason"": ""课程包含伺服电机控制、PLC技术、电气设计及运动控制、智能制造装备电气系统搭建等知识；毕业生可从事电气设计及运动控制相关岗位。电力设备行业中的电机驱动、自动化控制系统与该专业培养的电气控制技能存在一定交集。""}, {""name"": ""汽车"", ""score"": 55, ""reason"": ""机械设计与制造、数控编程与加工、精密制造等技能可应用于汽车零部件制造；质量控制工程师岗位与汽车行业质量管理体系契合；但汽车行业非该专业主要培养方向，关联度中等偏下。""}]"
M_031,园林工程技术,交通与环境学院,高职专科,False,0,环保,90,环保(90) | 建筑业(75) | 农林牧渔(45),环保|建筑业|农林牧渔,"[{""name"": ""环保"", ""score"": 90, ""reason"": ""培养目标面向园林绿化、景观设计、生态建设、城市更新行业；核心岗位包括园林工程设计、施工管理、养护运营；合作企业涵盖中节能铁汉生态、文科园林、国艺园林等生态环保龙头企业；实训内容涉及生态园林联合工程中心建设、生态修复、绿色建筑、智慧园林等；契合环保行业的生态修复、城市绿化、生态景观建设等产业链。""}, {""name"": ""建筑业"", ""score"": 75, ""reason"": ""培养目标包含园林工程施工技术与组织管理、园林景观工程运维；核心课程涵盖园林工程施工技术、工程组织与管理、工程造价与招投标；专业为中国园林绿化行业产教融合共同体副理事单位、深圳市风景园林协会理事单位；园林景观工程属于建筑业的细分领域。""}, {""name"": ""农林牧渔"", ""score"": 45, ""reason"": ""核心能力包含园林植物栽培养护、植物识别与应用、园林树木花卉的识别与栽植知识；涉及农业种植、绿化苗木培育等；但该专业主要服务于城市园林景观工程，侧重工程而非农林生产，关联度有限。""}]"
M_032,城市轨道交通运营管理,交通与环境学院,高职专科,False,0,交通运输,98,交通运输(98) | 建筑业(40),交通运输|建筑业,"[{""name"": ""交通运输"", ""score"": 98, ""reason"": ""培养目标明确面向城市轨道交通及相关行业，涵盖站务综合、调度、司机、车辆检修、通信信号等岗位群；核心课程包括行车组织、客运组织、票务组织、列车驾驶、车辆检修、通信信号维护等城市轨道交通运营管理全链条；实训基地配备行车调度沙盘、模拟驾驶、AFC票务系统、CBTC系统等仿真设备；合作企业包括深圳市地铁运营集团、深圳地铁运营集团广东省大学生校外实践教学基地；毕业生主要从事城市轨道交通运营管理相关工作。完全契合交通运输行业中的城市公共交通-轨道交通细分领域。""}, {""name"": ""建筑业"", ""score"": 40, ""reason"": ""涉及城市轨道交通车站设备检修维护、FAS、BAS、IBP综合后备盘等建筑机电设备；城市轨道交通车站建设属于建筑业范畴；但该专业侧重运营管理而非工程建设，关联度较低。""}]"
M_033,智能建造技术,交通与环境学院,高职专科,False,0,建筑业,95,建筑业(95) | 建材及非金属(45) | 商业服务(30),建筑业|建材及非金属|商业服务,"[{""name"": ""建筑业"", ""score"": 95, ""reason"": ""培养目标明确指向'房屋建筑行业的建筑工程技术人员'，核心课程涵盖建筑施工技术、BIM建模、装配式建筑施工、建筑工程计量与计价等；校外实训合作单位均为深圳市建筑工务署、广胜达建设、中建七局南方公司、中装建设、中建科技集团等建筑企业，完整覆盖建筑业产业链的施工、管理、造价等环节。""}, {""name"": ""建材及非金属"", ""score"": 45, ""reason"": ""课程设置中包含'建筑材料知识'、'建筑材料与检测'等模块，涉及水泥、混凝土、砂浆、沥青、钢筋等材料的技术指标试验与质量验收，与建材行业的材料生产与检测环节有一定关联，但非主要服务方向。""}, {""name"": ""商业服务"", ""score"": 30, ""reason"": ""部分就业岗位涉及工程招投标代理、造价咨询、工程监理等商务服务活动，属于商业服务范畴，但均为建筑业的延伸业务，非核心行业。""}]"
M_034,环境工程技术,交通与环境学院,高职专科,True,1,环保,92,环保(92) | 公用事业(55) | 商贸零售(20),环保|公用事业|商贸零售,"[{""name"": ""环保"", ""score"": 92, ""reason"": ""培养目标直接指向'环境保护和水务行业'的职业类别，包括工艺工程师、智能化环境污染治理设施运维管理工程师等；核心课程覆盖水污染治理、大气污染控制、固体废物处理与处置、环境工程设计、环境影响评价等完整环保产业链；实训基地涵盖水处理工程、固废处理、大气污染控制等各类环保企业，深度服务环保行业。""}, {""name"": ""公用事业"", ""score"": 55, ""reason"": ""职业面向包含'市政设施运维管理人员'，知识要求涵盖'建筑给水排水设备、设施、管道工程'及'水厂中央控制室(PLC自动控制)'等，与城镇供水、排水等公用事业运营管理密切相关，但公用事业仅为环保水务的一个应用场景。""}, {""name"": ""商贸零售"", ""score"": 20, ""reason"": ""该专业培养大型仪器分析工程师及环境检测分析能力，与第三方环境检测服务机构的检测产品/试剂耗材销售有一定关联，但并非主要服务行业，此处赋值偏低以示区分。""}]"
M_035,环境监测技术,交通与环境学院,高职专科,False,0,环保,90,环保(90) | 商业服务(35) | 医药生物(30),环保|医药生物|商业服务,"[{""name"": ""环保"", ""score"": 90, ""reason"": ""培养目标明确面向'环境监测与保护行业的生态环境监测、环境污染防治与环境影响评价'等职业；核心课程覆盖水环境监测、大气环境监测、土壤与固废监测、物理性污染监测、生物监测、自动在线监测设备运营管理等；校外合作企业包括环境监测站、环境检测公司等，完整对应环境监测与保护行业链条。""}, {""name"": ""医药生物"", ""score"": 30, ""reason"": ""课程中包含化学分析、仪器分析、环境微生物等专业基础知识，与生物监测、实验室分析相关，但医药生物并非该专业的主要服务方向，仅作为部分分析检测技能的交叉应用。""}, {""name"": ""商业服务"", ""score"": 35, ""reason"": ""毕业生可从事环境影响评价、实验室管理等技术服务类工作，部分岗位属于第三方环境技术服务机构范畴，与商业服务中的专业技术服务有一定关联。""}]"
M_036,关务与外贸服务,管理学院,高职专科,False,0,商业服务,95,商业服务(95) | 交通运输(80) | 商贸零售(70),商业服务|交通运输|商贸零售,"[{""name"": ""商业服务"", ""score"": 95, ""reason"": ""培养目标明确指向报关员、关务专员、报检员等商务服务业核心岗位，职业分类对应国民经济行业'商务服务业(G72)'和'多式联运和运输代理业(G58)'，核心课程覆盖报关实务、商品归类、关务操作等典型的商业服务技能。""}, {""name"": ""交通运输"", ""score"": 80, ""reason"": ""培养国际货代员、集装箱货物运输代理等岗位，涉及国际货物运输及代理、多式联运业务处理能力，课程设置包含国际集装箱与多式联运业务，符合交通运输行业对货运代理人才的需求。""}, {""name"": ""商贸零售"", ""score"": 70, ""reason"": ""培养方案涉及进出口商品归类、税费核算、外贸跟单等与进出口贸易紧密相关的技能，可服务于有进出口业务的商贸零售企业通关及供应链环节。""}]"
M_037,国际商务,管理学院,高职专科,False,0,商贸零售,92,商贸零售(92) | 商业服务(85) | 信息技术(65),商贸零售|商业服务|信息技术,"[{""name"": ""商贸零售"", ""score"": 92, ""reason"": ""培养目标聚焦跨境电商平台运营、外贸业务员等岗位，实训合作企业包括沃尔玛、阿里巴巴国际站、速卖通、傲基、通拓等电商及零售企业，核心课程涵盖跨境电商运营与推广、国际贸易实务，直接对接商贸零售行业的数字化转型需求。""}, {""name"": ""商业服务"", ""score"": 85, ""reason"": ""培养国际商务专员、市场推广专员等商务服务类岗位，课程涉及国际商务谈判、跨文化交流、数字贸易规则，服务于商业服务领域的国际市场拓展需求。""}, {""name"": ""信息技术"", ""score"": 65, ""reason"": ""跨境电商平台运营依赖数字化平台技术支撑，阿里巴巴数字贸易学院共建及OCALE跨境电商教学系统、跨境电商数据运营系统等数字化教学资源，表明该专业与信息技术应用深度关联。""}]"
M_038,工商企业管理,管理学院,高职专科,False,0,商业服务,88,商业服务(88) | 商贸零售(78) | 信息技术(70),商业服务|商贸零售|信息技术,"[{""name"": ""商业服务"", ""score"": 88, ""reason"": ""培养目标覆盖企业运营管理、人力资源管理、市场营销管理等通用商业服务职能，职业面向各类生产型和服务型企业，核心课程涉及管理学原理、风险管理、人力资源管理等商业服务核心技能。""}, {""name"": ""商贸零售"", ""score"": 78, ""reason"": ""校外实训合作包括金拱门（麦当劳）等零售连锁企业，市场营销管理、客户关系管理等课程直接面向商贸零售行业运营管理需求，毕业生可在零售企业从事运营策划及推广工作。""}, {""name"": ""信息技术"", ""score"": 70, ""reason"": ""培养规格明确要求掌握现代信息技术与生成式人工智能应用，专业课程包含ERP实训、金蝶软件教学实践基地，数字化管理能力是核心培养目标之一，体现信息技术与企业管理深度融合。""}]"
M_039,文化产业经营与管理,管理学院,高职专科,False,0,文化传媒,92,文化传媒(92) | 商业服务(65) | 商贸零售(45),文化传媒|商业服务|商贸零售,"[{""name"": ""文化传媒"", ""score"": 92, ""reason"": ""专业名称即'文化产业经营与管理'，培养目标明确指向'数字创意产业'，核心课程涵盖新媒体营销、活动策划执行、广告设计、文化企业项目管理；合作实训单位包括深圳广电集团、深圳文化产权交易所、大芬油画村等文化传媒类主体，与文化传媒行业高度契合。""}, {""name"": ""商业服务"", ""score"": 65, ""reason"": ""培养规格涵盖市场调研、消费者行为分析、品牌策划、公关维护等商业服务核心能力，职业面向包含文化经纪、项目经营与管理，属于商务服务范畴，但文化属性更强于纯商业服务。""}, {""name"": ""商贸零售"", ""score"": 45, ""reason"": ""新媒体营销和直播运营涉及数字商贸零售环节，但课程体系以文化内容创意和活动策划为主，商业零售属性较弱，属于间接关联。""}]"
M_040,现代物流管理,管理学院,高职专科,True,1,交通运输,88,交通运输(88) | 商业服务(72) | 信息技术(40),交通运输|商业服务|信息技术,"[{""name"": ""交通运输"", ""score"": 88, ""reason"": ""方案明确对应'交通运输、仓储和邮政业'，培养目标面向物流与供应链行业的物流服务师、货运代理员；核心能力涵盖运输调度、仓储配送、国际货代；合作企业包括顺丰速运、百世物流、华展国际物流等头部运输与仓储企业，与交通运输行业直接对应。""}, {""name"": ""商业服务"", ""score"": 72, ""reason"": ""培养目标涵盖供应链管理师职业，核心能力包括采购、供应商管理、供应链流程优化与数据分析，这些均属于现代商业服务范畴，且怡亚通作为供应链服务龙头企业的参与强化了商业服务属性。""}, {""name"": ""信息技术"", ""score"": 40, ""reason"": ""课程涉及智慧物流技术、大数据与人工智能在物流领域的应用、ERP系统等信息化工具，但信息技术在本专业中是支撑工具而非服务主体，信息技术产业属性不明显。""}]"
M_041,电子商务,管理学院,高职专科,False,0,商贸零售,90,商贸零售(90) | 商业服务(68) | 信息技术(48),商贸零售|商业服务|信息技术,"[{""name"": ""商贸零售"", ""score"": 90, ""reason"": ""培养目标明确面向'批发业、零售业'，职业面向包括网店运营推广、视觉营销设计、客户服务管理、跨境电商运营；核心能力涵盖商品拍摄、网店装修与设计、直播销售与选品、供应链商品管理；合作企业头狼电商等属于电商零售领域，与商贸零售行业高度匹配。""}, {""name"": ""商业服务"", ""score"": 68, ""reason"": ""方案培养商务数据分析师、互联网营销师等职业，涵盖市场分析、营销策划、客户关系管理、数据分析等商业服务能力，金蝶软件等合作企业也涉及企业服务领域。""}, {""name"": ""信息技术"", ""score"": 48, ""reason"": ""课程涉及主流电商平台运营规则、直播技术操作、AI工具应用等数字技术内容，但整体以电商运营和商业应用为核心，信息技术为辅助支撑手段，与纯信息技术行业有差距。""}]"
M_042,大数据与会计,财经学院,高职专科,True,1,商业服务,85,商业服务(85) | 信息技术(55) | 商贸零售(35),商业服务|信息技术|商贸零售,"[{""name"": ""商业服务"", ""score"": 85, ""reason"": ""培养目标明确指向'会计、审计及税务服务行业'，职业类别为会计专业人员、税务专业人员；合作企业包括联洲税务师事务所、正保大数据会计产业学院、金蝶等，均属商业服务范畴""}, {""name"": ""信息技术"", ""score"": 55, ""reason"": ""核心课程涉及大数据财务分析、RPA财务机器人、智能会计信息系统等数字化技能，与金蝶、用友新道等软件企业深度合作，体现数字化转型特征""}, {""name"": ""商贸零售"", ""score"": 35, ""reason"": ""会计核算技能覆盖各类企业主体，商贸零售企业作为主要用工方之一，但非专业聚焦方向""}]"
M_043,财富管理,财经学院,高职专科,True,1,商业服务,90,商业服务(90) | 商贸零售(45),商业服务|商贸零售,"[{""name"": ""商业服务"", ""score"": 90, ""reason"": ""培养目标明确面向'证券、基金、银行等财富管理行业'的营销和客户服务；职业面向为财富管理、证券投资等金融专业服务；与第一创业证券、招商证券、太平人寿等金融企业合作""}, {""name"": ""商贸零售"", ""score"": 45, ""reason"": ""财富管理产品营销、客户服务等岗位具有零售属性；涉及金融产品销售、金融理财师等与零售业交叉的领域""}]"
M_044,财税大数据应用,财经学院,高职专科,False,0,商业服务,80,商业服务(80) | 信息技术(60) | 商贸零售(35),商业服务|信息技术|商贸零售,"[{""name"": ""商业服务"", ""score"": 80, ""reason"": ""培养目标明确指向'财税服务行业'，职业类别为税务专员、财税数据分析师、跨境电商财税顾问；合作企业包括大华会计师事务所、联洲税务师事务所、税友集团、百科财税集团、亿企赢等，均属财税专业服务领域""}, {""name"": ""信息技术"", ""score"": 60, ""reason"": ""核心课程涉及Python程序设计、数据可视化分析、RPA财税机器人、共享服务平台等大数据技术应用；强调财税大数据分析能力培养""}, {""name"": ""商贸零售"", ""score"": 35, ""reason"": ""跨境电商财税顾问岗位涉及电商领域，但整体培养重心仍在财税专业服务""}]"
M_045,金融服务与管理,财经学院,高职专科,True,1,商业服务,85,商业服务(85) | 商贸零售(40) | 信息技术(35),商业服务|商贸零售|信息技术,"[{""name"": ""商业服务"", ""score"": 85, ""reason"": ""培养目标明确面向金融行业（商业银行、证券、保险、金融科技），核心课程涵盖银行综合业务、证券投资、保险学、金融科技等，实训合作单位为邮储银行、招商银行、太平人寿、银河证券等金融机构，属于商业服务范畴内的金融服务细分领域。""}, {""name"": ""商贸零售"", ""score"": 40, ""reason"": ""个人理财、数字营销等课程涉及零售金融业务，智慧银行柜台业务、智慧金融营销等实训内容部分对应零售银行业务，但非主要服务方向。""}, {""name"": ""信息技术"", ""score"": 35, ""reason"": ""金融科技、区块链金融、AI金融等课程涉及信息技术应用，但培养目标是运用技术于金融场景，而非信息技术本身。""}]"
M_046,商务英语,应用外语学院,高职专科,True,1,商贸零售,90,商贸零售(90) | 商业服务(70) | 交通运输(30),商贸零售|商业服务|交通运输,"[{""name"": ""商贸零售"", ""score"": 90, ""reason"": ""培养目标面向跨境电商业务员、外贸业务员等现代服务业岗位，核心课程包含跨境电商操作、进出口贸易实务、市场营销，实训合作单位为国际物流公司、进出口贸易公司、电子商务公司等，均属于商贸零售行业核心领域。""}, {""name"": ""商业服务"", ""score"": 70, ""reason"": ""商务助理人员、外贸跟单员、外贸单证员等岗位属于商业服务中的专业服务细分，跨文化商务交际和国际商务礼仪课程体现服务属性。""}, {""name"": ""交通运输"", ""score"": 30, ""reason"": ""实训基地包含国际物流公司，涉及货运代理、跨境物流等业务，但非主要培养方向。""}]"
M_047,学前教育,应用外语学院,高职专科,True,1,文化传媒,25,文化传媒(25) | 商贸零售(15),文化传媒|商贸零售,"[{""name"": ""文化传媒"", ""score"": 25, ""reason"": ""专业面向幼儿园和学前教育机构，涉及幼儿教育活动设计与组织，部分教育内容制作、资源开发与文化传媒有边缘关联。""}, {""name"": ""商贸零售"", ""score"": 15, ""reason"": ""幼儿园家长服务、幼儿产品推荐等可能涉及零售服务，但关联度极低。""}]"
M_048,现代文秘,应用外语学院,高职专科,False,0,商业服务,85,商业服务(85) | 文化传媒(78) | 商贸零售(52),商业服务|文化传媒|商贸零售,"[{""name"": ""商业服务"", ""score"": 85, ""reason"": ""培养目标明确面向政府机关、事业单位、社会组织的综合文秘、行政事务处理人员，核心课程包括办公室事务管理、文书处理与档案管理，实习单位涵盖档案管理公司、街道办事处等服务机构，符合商业服务行业定义。""}, {""name"": ""文化传媒"", ""score"": 78, ""reason"": ""培养目标提及新媒体行业、融媒体运营，全媒体运营师岗位，设置新媒体写作采编、后台管理与信息处理等课程，ICT实训室支撑内容生产实训，与文化传媒行业高度匹配。""}, {""name"": ""商贸零售"", ""score"": 52, ""reason"": ""培养目标提及跨境商贸行业、涉外服务，实习单位有对外劳动服务公司、国际商务实训室，但商贸零售仅为间接关联，非主要就业方向。""}]"
M_049,工业互联网技术,中德机器人学院,高职专科,False,0,信息技术,92,信息技术(92) | 机械设备(65) | 电力设备(48),信息技术|机械设备|电力设备,"[{""name"": ""信息技术"", ""score"": 92, ""reason"": ""培养目标聚焦工业互联网技术应用，涵盖网络互联集成工程师、数据采集与处理工程师、工业APP开发工程师、Web前端开发等岗位，核心技术涉及工业大数据分析、边缘计算、工业软件运维与开发，海尔卡奥斯工业互联网平台作为核心实训资源。""}, {""name"": ""机械设备"", ""score"": 65, ""reason"": ""工业互联网专业服务于智能制造和工业装备制造企业，企业类型集中在3C和工业装备制造类，实训基地涵盖工业互联网综合应用工场，与机械设备行业存在产业链关联。""}, {""name"": ""电力设备"", ""score"": 48, ""reason"": ""工业网络控制系统涉及工业控制计算机通信设备，具备网络自动化基础知识，但整体偏向信息技术而非电力设备制造，非主要服务行业。""}]"
M_050,工业机器人技术,中德机器人学院,高职专科,True,1,机械设备,90,机械设备(90) | 电力设备(60) | 汽车(45),机械设备|电力设备|汽车,"[{""name"": ""机械设备"", ""score"": 90, ""reason"": ""培养目标面向工业机器人操作工程师、机器人调试工程师、系统集成工程师等职业，核心能力涵盖工业机器人编程、自动化设备维护、机械识图绘图、机器人工作站设计，企业类型集中在3C和工业装备制造类，KEBA工业机器人实训室支撑专业核心技能培养。""}, {""name"": ""电力设备"", ""score"": 60, ""reason"": ""课程体系包含PLC控制技术、自动化生产线安装调试、机电一体化技术，与电力设备行业的自动化控制系统存在技术交叉，实训基地包括智能制造产线实训基地。""}, {""name"": ""汽车"", ""score"": 45, ""reason"": ""培养目标提及新能源汽车行业的工艺优化工程师岗位，涉及机器人应用系统集成，但汽车行业仅为就业方向之一，非核心服务行业。""}]"
M_051,无人机应用技术,中德机器人学院,高职专科,False,0,航空航天与国防,92,航空航天与国防(92) | 机械设备(68) | 交通运输(55),航空航天与国防|机械设备|交通运输,"[{""name"": ""航空航天与国防"", ""score"": 92, ""reason"": ""培养目标明确面向无人机应用技术行业，职业类别直接对应'航空、航天器及设备制造(374)'和'通用航空服务(562)'，核心课程涵盖无人机装配调试与操控，毕业生就业可从事无人机装调检修工、无人机驾驶员等航空航天相关岗位。""}, {""name"": ""机械设备"", ""score"": 68, ""reason"": ""无人机装配调试涉及机械设计、电子电气、传感器等机械设备相关内容，职业面向包括无人机系统测试工程师、售后维修工程师等设备类岗位。""}, {""name"": ""交通运输"", ""score"": 55, ""reason"": ""培养目标明确提及'航空物流'应用方向，职业面向涵盖无人机在巡检、测绘等交通基础设施领域的应用，适合无人机物流操作员等岗位。""}]"
M_052,智能机器人技术,中德机器人学院,高职专科,False,0,机械设备,88,机械设备(88) | 信息技术(75) | 商业服务(48),机械设备|信息技术|商业服务,"[{""name"": ""机械设备"", ""score"": 88, ""reason"": ""培养目标直接面向大湾区智能机器人行业，核心课程涵盖机器人操作系统、编程仿真、传感器技术、机器视觉等机械设备核心技术，职业面向包括机器人系统开发/组装、集成设备装调与维护等机械制造岗位。""}, {""name"": ""信息技术"", ""score"": 75, ""reason"": ""课程涉及Linux操作系统、ROS机器人操作系统、Python/C语言编程、人工智能技术开发、边缘计算等信息技术核心内容，毕业生就业可从事智能机器人应用开发、人工智能技术工程师等IT相关岗位。""}, {""name"": ""商业服务"", ""score"": 48, ""reason"": ""职业面向包括智能机器人技术支持工程师、智能机器人科创培训等技术服务类岗位，以及面向3C自动化装备制造企业的应用服务，涉及设备技术支持和运维服务。""}]"
M_053,体育艺术表演,体育运动学院,高职专科,False,0,文化传媒,82,文化传媒(82) | 商贸零售(52) | 轻工制造(35),文化传媒|商贸零售|轻工制造,"[{""name"": ""文化传媒"", ""score"": 82, ""reason"": ""培养目标明确面向文体活动策划与新媒体内容创作，核心课程涵盖舞蹈编创、音乐处理、舞台表演等内容，职业面向包括新媒体内容创作、文体活动策划执行等文化传播相关岗位。""}, {""name"": ""商贸零售"", ""score"": 52, ""reason"": ""职业面向包括机构运营管理，涉及体育艺术表演机构、健身俱乐部等商业机构的运营岗位，以及职业技能培训相关服务。""}, {""name"": ""轻工制造"", ""score"": 35, ""reason"": ""教学设施涉及体育艺术表演相关服装、器材等轻工产品使用，但非主要培养方向，score较低作为补充。""}]"
